{
  "train_loss": [
    1.3988496252298355,
    1.1697176763892174,
    1.0703048783898355,
    1.010765196454525,
    0.9702571785926819
  ],
  "train_acc": [
    0.513475,
    0.59975,
    0.63275,
    0.651725,
    0.6658
  ],
  "val_loss": [
    0.5917742484620773,
    0.5026581798996776,
    0.4661909540088847,
    0.4204156533960253,
    0.364512433713302
  ],
  "val_acc": [
    0.8031,
    0.8343,
    0.8437,
    0.8609,
    0.8803
  ]
}